Abatteur de carrières,,
Abatteur de mines,,
Abatteuse de carrières,,
Abatteuse de mines,,
Accrocheur en ardoisières,,
Accrocheuse en ardoisières,,
Adjoint technique des travaux publics,,
Adjointe technique des travaux publics,,
agenceur de salles de bain,,
agenceuse de salles de bain,,
Agent d’entretien autoroutier,,
Agent d’exploitation des routes,,
Agent de maîtrise d’exploitation de carrières,,
Agent de signalisation de chantier,,
Agent de voies (ferrées),,
Agent de voiries,,
Agent technique des travaux public,,
Agente d’entretien autoroutier,,
Agente d’exploitation des routes,,
Agente de maîtrise d’exploitation de carrières,,
Agente de signalisation de chantier,,
Agente de voies (ferrées),,
Agente de voiries,,
Agente technique des travaux public,,
Aide conducteur de travaux,,
Aide maçon,,
Antenniste,,
Apprenti charpentier,,
Apprenti chauffagiste,,
Apprenti couvreur,,
Apprenti électricien,,
Apprenti maçon,,
Apprenti menuisier,,
Apprenti peintre,,
Apprenti plombier,,
Apprentie charpentier,,
Apprentie chauffagiste,,
Apprentie couvreur,,
Apprentie électricien,,
Apprentie maçon,,
Apprentie menuisier,,
Apprentie peintre,,
Apprentie plombier,,
Architecte DPLG,,
Architecte maitre d’œuvre,,
Architecte urbaniste,,
Arpenteur,,
Artificier,,
Artificier de carrières,,
Artificier du BTP,,
Artisan carreleur,,
Artisan charpentier,,
Artisan chauffagiste,,
Artisan couvreur,,
Artisan du bâtiment,,
Artisan du BTP,,
Artisan électricien,,
Artisan électricien du bâtiment,,
Artisan en travaux publics,,
Artisan en travaux VRD (voiries réseaux divers),,
Artisan maçon,,
Artisan menuisier,,
Artisan menuisier du bâtiment,,
Artisan peintre,,
Artisan peintre en bâtiment,,
Artisan plâtrier,,
Artisan plombier,,
Artisan terrassier,,
Artisan zingueur,,
Assistant d’architecte,,
Assistante d’architecte,,
Bardeur,,
Boiseur-béton,,
Briqueteur,,
Calorifugeur,,
Canalisateur,,
Cantonnier,,
Carreleur,,
Carreleur mosaïste,,
Carrier,,
Cartographe,,
Chargé d’études SIG,,
Charpentier,,
Charpentier couvreur,,
Chauffagiste,,
Chauffeur d’engins BTP,,
Chauffeur travaux publics,,
Chef d’entreprise de maçonnerie,,
Chef d’équipe BTP,,
Chef d’équipe charpentier,,
Chef d’équipe chauffagiste,,
Chef d’équipe couvreur,,
Chef d’équipe du bâtiment,,
Chef d’équipe électricien,,
Chef d’équipe génie civil,,
Chef d’équipe maçon,,
Chef d’équipe menuisier,,
Chef d’équipe peintre,,
Chef d’équipe plombier,,
Chef d’équipe travaux publics,,
Chef d’exploitation de carrière,,
Chef de carrières,,
Chef de chantier,,
Chef de chantier bâtiment,,
Chef de chantier BTP,,
Chef de chantier CVC (chauffage,,
Chef de projet du bâtiment,,
Chef de projet du BTP,,
Chef de projet du BTP (Architecte),,
Chef de section des travaux public,,
Cheffe d’entreprise de maçonnerie,,
Cheffe d’équipe BTP,,
Cheffe d’équipe charpentier,,
Cheffe d’équipe chauffagiste,,
Cheffe d’équipe couvreur,,
Cheffe d’équipe du bâtiment,,
Cheffe d’équipe électricien,,
Cheffe d’équipe génie civil,,
Cheffe d’équipe maçon,,
Cheffe d’équipe menuisier,,
Cheffe d’équipe peintre,,
Cheffe d’équipe plombier,,
Cheffe d’équipe travaux publics,,
Cheffe d’exploitation de carrière,,
Cheffe de carrières,,
Cheffe de chantier,,
Cheffe de chantier bâtiment,,
Cheffe de chantier BTP,,
Cheffe de chantier CVC (chauffage,,
Cheffe de projet du bâtiment,,
Cheffe de projet du BTP,,
Cheffe de projet du BTP (Architecte),,
Cheffe de section des travaux public,,
Cheministe,,
Cimentier-applicateur,,
Climaticien,,
Climaticienne,,
Coffreur,,
Coffreur bancheur,,
Coffreur boiseur,,
Collaborateur d’architecte,,
Collaboratrice d’architecte,,
Conducteur d’engins BTP,,
Conducteur de chantiers,,
Conducteur de pelle,,
Conducteur de travaux,,
Conducteur de travaux publics de l’État,,
Conductrice d’engins BTP,,
Conductrice de chantiers,,
Conductrice de pelle,,
Conductrice de travaux,,
Conductrice de travaux publics de l’État,,
Consultant du bâtiment,,
Consultant du BTP,,
Consultante du bâtiment,,
Consultante du BTP,,
Contremaître du génie civil,,
Contrôleur des travaux public,,
Contrôleuse des travaux public,,
Cordiste du BTP,,
Couvreur,,
Couvreuse,,
Cuisiniste,,
Démineur,,
Démineuse,,
Démolisseur,,
Démolisseuse, minière, pétrolière
Dessinateur BTP, minière, pétrolière
Dessinatrice BTP,,
Directeur de travaux BTP,,
Directrice de travaux BTP,,
Echafaudeur,,
Égoutier,,
Électricien,,
Électricien de chantier,,
Électricien du bâtiment,,
Électricien installateur de lignes,,
Électricien plombier,,
Électricien plombier chauffagiste,,
Électricienne,,
Électricienne de chantier,,
Électricienne du bâtiment,,
Électricienne installateur de lignes,,
Électricienne plombier,,
Électricienne plombier chauffagiste,,
Électromécanicien,,
Électromécanicienne,,
Enduiseur,,
Enseigniste,,
Entrepreneur en aménagements urbains,,
Entrepreneur en démolition,,
Entrepreneur en maçonnerie,,
Entrepreneur en terrassement et VRD (voiries réseaux divers),,
Escaliéteur,,
Étancheur,,
Extracteur de carrières,,
Façadier ravalement,,
Façadier-crépisseur,,
Façadier-enduiseur,,
Ferblantier-couvreur,,
Ferrailleur-béton,,
Fonceur de puits,,
Foreur,,
Fossoyeur,,
Frigoriste,,
Fumiste,,
Géomètre,,
Géomètre du BTP,,
Géomètre du cadastre,,
Géomètre expert,,
Géomètre expert,,
Géomètre foncier,,
Géomètre IGN,,
Géomètre topographe,,
Géomètre-arpenteur,,
Géothermicien,,
Gérant d’une entreprise de maçonnerie,,
Gérante d’une entreprise de maçonnerie,,
Homme grenouille,,
Ingénieur d’études du bâtiment,,
Ingénieur d’études du BTP,,
Ingénieur des mines,,
Ingénieur du bâtiment,,
Ingénieur du BTP,,
Ingénieur forage,,
Ingénieur installations pétrolières,,
Ingénieur travaux,,
Installateur de climatisation,,
Installateur de lignes électriques/téléphoniques/de télécommunications,,
Installateur réseaux, ventilation et climatisation),
Installateur sanitaire, ventilation et climatisation),
Installateur télécom,,
Installateur téléphonique,,
Installatrice d’alarme,,
Installatrice de climatisation,,
Installatrice de lignes électriques/téléphoniques/de télécommunications,,
Installatrice réseaux,,
Installatrice sanitaire,,
Installatrice télécom,,
Installatrice téléphonique,,
Machiniste extraction,,
Maçon,,
Maçon carreleur,,
Maçon coffreur,,
Maçon vrd,,
Maçonne,,
Maçonne carreleur,,
Maçonne coffreur,,
Maçonne vrd,,
Manœuvre,,
Manœuvre des travaux publics,,
Manœuvre du bâtiment,,
Manœuvre du btp,,
Menuisier,,
Menuisier agenceur,,
Menuisier charpentier,,
Menuisier du bâtiment,,
Menuisier plaquiste,,
Menuisier poseur,,
Menuisière,,
Menuisière agenceur,,
Menuisière charpentière,,
Menuisière du bâtiment,,
Menuisière plaquiste,,
Menuisière poseur,,
Métreur,,
Métreuse,,
Mineur,,
Monteur charpente,,
Monteur de chauffage,,
monteur de faux plafonds,,
Monteur de grue,,
Monteur en climatisation, mines,
Monteur levageur,,
Monteur réseaux,,
Monteur sanitaire,,
Monteuse charpente,,
Monteuse de chauffage,,
monteuse de faux plafonds,,
Monteuse de grue,,
Monteuse en climatisation,,
Monteuse levageuse,,
Monteuse réseaux,,
Monteuse sanitaire,,
Opérateur ROV,,
Opératrice ROV,,
Orpailleur,,
Ouvrier autoroutier,,
Ouvrier de carrières,,
Ouvrier de chantier,,
Ouvrier de plate-forme de forage,,
Ouvrier des travaux publics,,
Ouvrier du BTP,,
Ouvrier maçon,,
Ouvrier VRD (voirie et réseaux divers),,
Ouvrière autoroutière,,
Ouvrière de carrières,,
Ouvrière de chantier,,
Ouvrière de plate-forme de forage,,
Ouvrière des travaux publics,,
Ouvrière du BTP,,
Ouvrière maçon,,
Ouvrière VRD (voirie et réseaux divers),,
Parqueteur,,
Parqueteuse,,
Parquetiste,,
Patrouilleur autoroutier,,
Paveur,,
Paveuse,,
Peintre,,
Peintre décorateur,,
Peintre en bâtiment,,
Peintre tapissier,,
Pévéciste,,
Photogrammètre-topographe,,
Piscinier,,
Pisciniste,,
Plaquiste,,
Plâtrier,,
Plâtrier peintre,,
Plâtrière,,
Plâtrière peintre,,
Plombier,,
Plombier chauffagiste,,
Plombier couvreur,,
Plombier zingueur,,
Plombière,,
Plombière chauffagiste,,
Plombière couvreur,,
Plombière zingueuse,,
Porion,,
Poseur de canalisation,,
Poseur de lignes électriques/téléphoniques/de télécommunications,,
Poseur de miroir,,
Poseur de parquet,,
Poseur de sols,,
Poseur de vitre,,
Poseur de voies,,
Poseuse de canalisation,,
Poseuse de lignes électriques/téléphoniques/de télécommunications,,
Poseuse de miroir,,
Poseuse de parquet,,
Poseuse de sols,,
Poseuse de vitre,,
Poseuse de voies,,
Projeteur BTP,,
Projeteuse BTP,,
Puisatier,,
Puisatière,,
Ravaleur,,
Responsable de chantier,,
Réviseur des bâtiments de France (du patrimoine),,
Scaphandrier,,
Solier,,
Solier moquettiste,,
Solière,,
Solière moquettiste,,
Sondeur  (sol / eau),,
Sondeur de gisement,,
Sondeuse  (sol / eau),,
Sondeuse de gisement,,
Surveillant de travaux,,
Surveillante de travaux,,
Technicien des travaux publics,,
Technicien du bâtiment,,
Technicien du BTP,,
Technicien en mesures physiques,,
Technicien fibre optique,,
Technicien géomètre,,
Technicienne des travaux publics,,
Technicienne du bâtiment,,
Technicienne du BTP,,
Technicienne en mesures physiques,,
Technicienne fibre optique,,
Technicienne géomètre,,
Terrassier,,
Terrassière,,
Topographe,,
Tuyauteur de bâtiment,,
Tuyauteuse de bâtiment,,
Urbaniste,,
Vérificateur des bâtiments de France,,
Vérificatrice des bâtiments de France,,
Zingueur,,
Zingueuse,,
